[
    {
        "id": "a4ba8de6104e3a23",
        "type": "tab",
        "label": "Conexion BD Distancia",
        "disabled": false,
        "info": "",
        "env": []
    },
    {
        "id": "d357f2bf8c244fb5",
        "type": "function",
        "z": "a4ba8de6104e3a23",
        "name": "INSERT DISTANCIA",
        "func": "msg.topic = \"INSERT INTO Distancia(iddistancia ,distancia) VALUES((SELECT MAX(iddistancia)+1 FROM Distancia),\" + msg.payload +\")\";\nmsg.payload = [];\nreturn msg;",
        "outputs": 1,
        "timeout": 0,
        "noerr": 0,
        "initialize": "",
        "finalize": "",
        "libs": [],
        "x": 380,
        "y": 140,
        "wires": [
            [
                "9588fa88b6596bf1"
            ]
        ]
    },
    {
        "id": "50ce617a01d2bae7",
        "type": "mqtt in",
        "z": "a4ba8de6104e3a23",
        "name": "/bicicleta/distancia",
        "topic": "/bicicleta/distancia",
        "qos": "2",
        "datatype": "auto-detect",
        "broker": "83a10c7b1c29df88",
        "nl": false,
        "rap": true,
        "rh": 0,
        "inputs": 0,
        "x": 150,
        "y": 140,
        "wires": [
            [
                "d357f2bf8c244fb5"
            ]
        ]
    },
    {
        "id": "9cb2c2460ad561e5",
        "type": "inject",
        "z": "a4ba8de6104e3a23",
        "name": "",
        "props": [
            {
                "p": "payload"
            },
            {
                "p": "topic",
                "vt": "str"
            }
        ],
        "repeat": "",
        "crontab": "",
        "once": false,
        "onceDelay": 0.1,
        "topic": "/bicicleta/distancia",
        "payload": "21",
        "payloadType": "num",
        "x": 180,
        "y": 60,
        "wires": [
            [
                "3e6033401ab7e9c0"
            ]
        ]
    },
    {
        "id": "3e6033401ab7e9c0",
        "type": "mqtt out",
        "z": "a4ba8de6104e3a23",
        "name": "/bicicleta/distancia",
        "topic": "/bicicleta/distancia",
        "qos": "",
        "retain": "",
        "respTopic": "",
        "contentType": "",
        "userProps": "",
        "correl": "",
        "expiry": "",
        "broker": "83a10c7b1c29df88",
        "x": 450,
        "y": 60,
        "wires": []
    },
    {
        "id": "37d844558d462578",
        "type": "function",
        "z": "a4ba8de6104e3a23",
        "name": "SELECT PROMEDIO DISTANCIA",
        "func": "msg.topic = \"SELECT AVG(distancia) as promedio FROM Distancia\";\nmsg.payload = [];\nreturn msg;",
        "outputs": 1,
        "timeout": 0,
        "noerr": 0,
        "initialize": "",
        "finalize": "",
        "libs": [],
        "x": 460,
        "y": 220,
        "wires": [
            [
                "01806928f2a2e94a"
            ]
        ]
    },
    {
        "id": "a43b6f807ee4e9e9",
        "type": "function",
        "z": "a4ba8de6104e3a23",
        "name": "PROMEDIO DISTANCIA",
        "func": "// Resultado del query\nmsg.topic = \"/bicicleta/distancia/avg\"\nmsg.payload = msg.payload[0].promedio;\nreturn msg;",
        "outputs": 1,
        "timeout": 0,
        "noerr": 0,
        "initialize": "",
        "finalize": "",
        "libs": [],
        "x": 930,
        "y": 220,
        "wires": [
            [
                "2071c46729953d7f"
            ]
        ]
    },
    {
        "id": "da902078bee563b0",
        "type": "mqtt out",
        "z": "a4ba8de6104e3a23",
        "name": "/bicicleta/distancia/count",
        "topic": "/bicicleta/distancia/count",
        "qos": "",
        "retain": "",
        "respTopic": "",
        "contentType": "",
        "userProps": "",
        "correl": "",
        "expiry": "",
        "broker": "83a10c7b1c29df88",
        "x": 1190,
        "y": 280,
        "wires": []
    },
    {
        "id": "26b1fe9bef19d11c",
        "type": "function",
        "z": "a4ba8de6104e3a23",
        "name": "SELECT CONTAR DISTANCIA",
        "func": "msg.topic = \"SELECT count(distancia) as contar FROM Distancia\";\nmsg.payload = [];\nreturn msg;",
        "outputs": 1,
        "timeout": 0,
        "noerr": 0,
        "initialize": "",
        "finalize": "",
        "libs": [],
        "x": 450,
        "y": 280,
        "wires": [
            [
                "2d0da248778ea4d2"
            ]
        ]
    },
    {
        "id": "b7ba1ec3d2752cc1",
        "type": "function",
        "z": "a4ba8de6104e3a23",
        "name": "CONTAR DISTANCIA",
        "func": "// Resultado del query\nmsg.topic = \"/bicicleta/distancia/avg\"\nmsg.payload = msg.payload[0].contar;\nreturn msg;",
        "outputs": 1,
        "timeout": 0,
        "noerr": 0,
        "initialize": "",
        "finalize": "",
        "libs": [],
        "x": 920,
        "y": 280,
        "wires": [
            [
                "da902078bee563b0"
            ]
        ]
    },
    {
        "id": "0e8b6dcbc5ab98be",
        "type": "debug",
        "z": "a4ba8de6104e3a23",
        "name": "AVG(/bicicleta/distancia/+)",
        "active": true,
        "tosidebar": true,
        "console": false,
        "tostatus": false,
        "complete": "{\t    \"payload\": $string(msg.payload, prettier),\t    \"topico\": msg.topic\t}",
        "targetType": "jsonata",
        "statusVal": "",
        "statusType": "auto",
        "x": 620,
        "y": 440,
        "wires": []
    },
    {
        "id": "a8dca26a70ed28fa",
        "type": "mqtt in",
        "z": "a4ba8de6104e3a23",
        "d": true,
        "name": "/bicicleta/distancia/+",
        "topic": "/bicicleta/distancia/+",
        "qos": "0",
        "datatype": "auto-detect",
        "broker": "83a10c7b1c29df88",
        "nl": false,
        "rap": true,
        "rh": 0,
        "inputs": 0,
        "x": 370,
        "y": 440,
        "wires": [
            [
                "0e8b6dcbc5ab98be"
            ]
        ]
    },
    {
        "id": "2071c46729953d7f",
        "type": "mqtt out",
        "z": "a4ba8de6104e3a23",
        "name": "/bicicleta/distancia/avg",
        "topic": "/bicicleta/distancia/avg",
        "qos": "",
        "retain": "",
        "respTopic": "",
        "contentType": "",
        "userProps": "",
        "correl": "",
        "expiry": "",
        "broker": "83a10c7b1c29df88",
        "x": 1180,
        "y": 220,
        "wires": []
    },
    {
        "id": "861b515100c4690a",
        "type": "mqtt out",
        "z": "a4ba8de6104e3a23",
        "name": "/bicicleta/distancia/sum",
        "topic": "/bicicleta/distancia/sum",
        "qos": "",
        "retain": "",
        "respTopic": "",
        "contentType": "",
        "userProps": "",
        "correl": "",
        "expiry": "",
        "broker": "83a10c7b1c29df88",
        "x": 1190,
        "y": 340,
        "wires": []
    },
    {
        "id": "ade9418c97cb0550",
        "type": "function",
        "z": "a4ba8de6104e3a23",
        "name": "SELECT SUM DISTANCIA",
        "func": "msg.topic = \"SELECT sum(distancia) as sumar FROM Distancia\";\nmsg.payload = [];\nreturn msg;",
        "outputs": 1,
        "timeout": 0,
        "noerr": 0,
        "initialize": "",
        "finalize": "",
        "libs": [],
        "x": 440,
        "y": 340,
        "wires": [
            [
                "a269160f04b57cf4"
            ]
        ]
    },
    {
        "id": "fcd78d0c333d497e",
        "type": "function",
        "z": "a4ba8de6104e3a23",
        "name": "SUMAR DISTANCIA",
        "func": "// Resultado del query\nmsg.topic = \"/bicicleta/distancia/avg\"\nmsg.payload = msg.payload[0].sumar;\nreturn msg;",
        "outputs": 1,
        "timeout": 0,
        "noerr": 0,
        "initialize": "",
        "finalize": "",
        "libs": [],
        "x": 920,
        "y": 340,
        "wires": [
            [
                "861b515100c4690a"
            ]
        ]
    },
    {
        "id": "9588fa88b6596bf1",
        "type": "sqlite",
        "z": "a4ba8de6104e3a23",
        "mydb": "f011757cb10f1213",
        "sqlquery": "msg.topic",
        "sql": "",
        "name": "bicicleta",
        "x": 600,
        "y": 140,
        "wires": [
            [
                "37d844558d462578",
                "26b1fe9bef19d11c",
                "ade9418c97cb0550"
            ]
        ]
    },
    {
        "id": "01806928f2a2e94a",
        "type": "sqlite",
        "z": "a4ba8de6104e3a23",
        "mydb": "f011757cb10f1213",
        "sqlquery": "msg.topic",
        "sql": "",
        "name": "bicicleta",
        "x": 720,
        "y": 220,
        "wires": [
            [
                "a43b6f807ee4e9e9"
            ]
        ]
    },
    {
        "id": "2d0da248778ea4d2",
        "type": "sqlite",
        "z": "a4ba8de6104e3a23",
        "mydb": "f011757cb10f1213",
        "sqlquery": "msg.topic",
        "sql": "",
        "name": "bicicleta",
        "x": 720,
        "y": 280,
        "wires": [
            [
                "b7ba1ec3d2752cc1"
            ]
        ]
    },
    {
        "id": "a269160f04b57cf4",
        "type": "sqlite",
        "z": "a4ba8de6104e3a23",
        "mydb": "f011757cb10f1213",
        "sqlquery": "msg.topic",
        "sql": "",
        "name": "bicicleta",
        "x": 720,
        "y": 340,
        "wires": [
            [
                "fcd78d0c333d497e"
            ]
        ]
    },
    {
        "id": "23cce705b3267075",
        "type": "mqtt out",
        "z": "a4ba8de6104e3a23",
        "name": "/bicicleta/buzzer",
        "topic": "/bicicleta/buzzer",
        "qos": "",
        "retain": "",
        "respTopic": "",
        "contentType": "",
        "userProps": "",
        "correl": "",
        "expiry": "",
        "broker": "83a10c7b1c29df88",
        "x": 860,
        "y": 540,
        "wires": []
    },
    {
        "id": "c8654389e3582d86",
        "type": "switch",
        "z": "a4ba8de6104e3a23",
        "name": "Condicion buzzer",
        "property": "payload",
        "propertyType": "msg",
        "rules": [
            {
                "t": "gt",
                "v": "20",
                "vt": "str"
            },
            {
                "t": "lte",
                "v": "20",
                "vt": "str"
            }
        ],
        "checkall": "false",
        "repair": false,
        "outputs": 2,
        "x": 410,
        "y": 540,
        "wires": [
            [
                "7b75e8f9f0776b40"
            ],
            [
                "fad220249da1447f"
            ]
        ]
    },
    {
        "id": "fad220249da1447f",
        "type": "function",
        "z": "a4ba8de6104e3a23",
        "name": "Prender Buzzer",
        "func": "msg.topic = \"/bicicleta/buzzer\"\nmsg.payload = \"buzzer-true\";\nreturn msg;",
        "outputs": 1,
        "timeout": 0,
        "noerr": 0,
        "initialize": "",
        "finalize": "",
        "libs": [],
        "x": 640,
        "y": 560,
        "wires": [
            [
                "23cce705b3267075"
            ]
        ]
    },
    {
        "id": "7b75e8f9f0776b40",
        "type": "function",
        "z": "a4ba8de6104e3a23",
        "name": "Apagar Buzzer",
        "func": "msg.topic = \"/bicicleta/buzzer\"\nmsg.payload = \"buzzer-false\";\nreturn msg;",
        "outputs": 1,
        "timeout": 0,
        "noerr": 0,
        "initialize": "",
        "finalize": "",
        "libs": [],
        "x": 640,
        "y": 520,
        "wires": [
            [
                "23cce705b3267075"
            ]
        ]
    },
    {
        "id": "04f31e6630152cdd",
        "type": "mqtt in",
        "z": "a4ba8de6104e3a23",
        "name": "/bicicleta/distancia",
        "topic": "/bicicleta/distancia",
        "qos": "2",
        "datatype": "auto-detect",
        "broker": "83a10c7b1c29df88",
        "nl": false,
        "rap": true,
        "rh": 0,
        "inputs": 0,
        "x": 150,
        "y": 540,
        "wires": [
            [
                "c8654389e3582d86"
            ]
        ]
    },
    {
        "id": "22d981b9d724c9e5",
        "type": "mqtt in",
        "z": "a4ba8de6104e3a23",
        "name": "/bicicleta/distancia",
        "topic": "/bicicleta/distancia",
        "qos": "2",
        "datatype": "auto-detect",
        "broker": "83a10c7b1c29df88",
        "nl": false,
        "rap": true,
        "rh": 0,
        "inputs": 0,
        "x": 150,
        "y": 620,
        "wires": [
            [
                "62557bc68d024699"
            ]
        ]
    },
    {
        "id": "62557bc68d024699",
        "type": "debug",
        "z": "a4ba8de6104e3a23",
        "name": "debug 6",
        "active": true,
        "tosidebar": true,
        "console": false,
        "tostatus": false,
        "complete": "false",
        "statusVal": "",
        "statusType": "auto",
        "x": 350,
        "y": 620,
        "wires": []
    },
    {
        "id": "83a10c7b1c29df88",
        "type": "mqtt-broker",
        "name": "WS Local MQTT",
        "broker": "ws://192.168.0.8:9001/ws",
        "port": "9001",
        "clientid": "",
        "autoConnect": true,
        "usetls": false,
        "protocolVersion": "4",
        "keepalive": "120",
        "cleansession": true,
        "autoUnsubscribe": true,
        "birthTopic": "",
        "birthQos": "0",
        "birthRetain": "false",
        "birthPayload": "",
        "birthMsg": {},
        "closeTopic": "",
        "closeQos": "0",
        "closeRetain": "false",
        "closePayload": "",
        "closeMsg": {},
        "willTopic": "",
        "willQos": "0",
        "willRetain": "false",
        "willPayload": "",
        "willMsg": {},
        "userProps": "",
        "sessionExpiry": ""
    },
    {
        "id": "f011757cb10f1213",
        "type": "sqlitedb",
        "db": "C:\\Users\\Guadalupe Puente\\Downloads\\sqlite-tools-win-x64-3450300/bicicleta.db",
        "mode": "RWC"
    }
]