[
    {
        "id": "35282f61556adbdb",
        "type": "tab",
        "label": "Conexion BD Humo",
        "disabled": false,
        "info": "",
        "env": []
    },
    {
        "id": "b99d1112a84dad60",
        "type": "function",
        "z": "35282f61556adbdb",
        "name": "INSERT HUMO",
        "func": "msg.topic = \"INSERT INTO Humo(idHumo ,humo) VALUES((SELECT MAX(idHumo)+1 FROM Humo),\" + msg.payload +\")\";\nmsg.payload = [];\nreturn msg;",
        "outputs": 1,
        "timeout": 0,
        "noerr": 0,
        "initialize": "",
        "finalize": "",
        "libs": [],
        "x": 330,
        "y": 140,
        "wires": [
            [
                "9c247a0806a9ca51"
            ]
        ]
    },
    {
        "id": "c9006c44c1b5a495",
        "type": "mqtt in",
        "z": "35282f61556adbdb",
        "name": "/bicicleta/humo",
        "topic": "/bicicleta/humo",
        "qos": "0",
        "datatype": "auto-detect",
        "broker": "83a10c7b1c29df88",
        "nl": false,
        "rap": true,
        "rh": 0,
        "inputs": 0,
        "x": 100,
        "y": 140,
        "wires": [
            [
                "b99d1112a84dad60"
            ]
        ]
    },
    {
        "id": "85e0c51010178799",
        "type": "inject",
        "z": "35282f61556adbdb",
        "name": "",
        "props": [
            {
                "p": "payload"
            },
            {
                "p": "topic",
                "vt": "str"
            }
        ],
        "repeat": "",
        "crontab": "",
        "once": false,
        "onceDelay": 0.1,
        "topic": "/bicicleta/humo",
        "payload": "1",
        "payloadType": "num",
        "x": 140,
        "y": 60,
        "wires": [
            [
                "2f5919d74fce0afa"
            ]
        ]
    },
    {
        "id": "2f5919d74fce0afa",
        "type": "mqtt out",
        "z": "35282f61556adbdb",
        "name": "/bicicleta/humo",
        "topic": "/bicicleta/humo",
        "qos": "",
        "retain": "",
        "respTopic": "",
        "contentType": "",
        "userProps": "",
        "correl": "",
        "expiry": "",
        "broker": "83a10c7b1c29df88",
        "x": 400,
        "y": 60,
        "wires": []
    },
    {
        "id": "84263078bcfe17c8",
        "type": "function",
        "z": "35282f61556adbdb",
        "name": "SELECT PROMEDIO HUMO",
        "func": "msg.topic = \"SELECT AVG(humo) as promedio FROM Humo\";\nmsg.payload = [];\nreturn msg;",
        "outputs": 1,
        "timeout": 0,
        "noerr": 0,
        "initialize": "",
        "finalize": "",
        "libs": [],
        "x": 400,
        "y": 220,
        "wires": [
            [
                "90ac75a8f89edc09"
            ]
        ]
    },
    {
        "id": "6b6a26056e5a81b4",
        "type": "function",
        "z": "35282f61556adbdb",
        "name": "PROMEDIO HUMO",
        "func": "// Resultado del query\nmsg.topic = \"/bicicleta/distancia/avg\"\nmsg.payload = msg.payload[0].promedio;\nreturn msg;",
        "outputs": 1,
        "timeout": 0,
        "noerr": 0,
        "initialize": "",
        "finalize": "",
        "libs": [],
        "x": 900,
        "y": 220,
        "wires": [
            [
                "f8aea7618d842b9c"
            ]
        ]
    },
    {
        "id": "37c6cde08e2ee12e",
        "type": "mqtt out",
        "z": "35282f61556adbdb",
        "name": "/bicicleta/humo/count",
        "topic": "/bicicleta/humo/count",
        "qos": "",
        "retain": "",
        "respTopic": "",
        "contentType": "",
        "userProps": "",
        "correl": "",
        "expiry": "",
        "broker": "83a10c7b1c29df88",
        "x": 1170,
        "y": 280,
        "wires": []
    },
    {
        "id": "fb2fb14fb60e1de5",
        "type": "function",
        "z": "35282f61556adbdb",
        "name": "SELECT CONTAR HUMO",
        "func": "msg.topic = \"SELECT count(humo) as contar FROM Humo\";\nmsg.payload = [];\nreturn msg;",
        "outputs": 1,
        "timeout": 0,
        "noerr": 0,
        "initialize": "",
        "finalize": "",
        "libs": [],
        "x": 370,
        "y": 280,
        "wires": [
            [
                "4db27f6feead3df6"
            ]
        ]
    },
    {
        "id": "15bf9ef3a8202cd0",
        "type": "function",
        "z": "35282f61556adbdb",
        "name": "CONTAR HUMO",
        "func": "// Resultado del query\nmsg.topic = \"/bicicleta/distancia/avg\"\nmsg.payload = msg.payload[0].contar;\nreturn msg;",
        "outputs": 1,
        "timeout": 0,
        "noerr": 0,
        "initialize": "",
        "finalize": "",
        "libs": [],
        "x": 890,
        "y": 280,
        "wires": [
            [
                "37c6cde08e2ee12e"
            ]
        ]
    },
    {
        "id": "c65d64ceccc5f317",
        "type": "debug",
        "z": "35282f61556adbdb",
        "name": "AVG(/bicicleta/humo/+)",
        "active": true,
        "tosidebar": true,
        "console": false,
        "tostatus": false,
        "complete": "{\t    \"payload\": $string(msg.payload, prettier),\t    \"topico\": msg.topic\t}",
        "targetType": "jsonata",
        "statusVal": "",
        "statusType": "auto",
        "x": 620,
        "y": 440,
        "wires": []
    },
    {
        "id": "549d843621601247",
        "type": "mqtt in",
        "z": "35282f61556adbdb",
        "name": "/bicicleta/humo/+",
        "topic": "/bicicleta/humo/+",
        "qos": "0",
        "datatype": "auto-detect",
        "broker": "83a10c7b1c29df88",
        "nl": false,
        "rap": true,
        "rh": 0,
        "inputs": 0,
        "x": 320,
        "y": 440,
        "wires": [
            [
                "c65d64ceccc5f317"
            ]
        ]
    },
    {
        "id": "f8aea7618d842b9c",
        "type": "mqtt out",
        "z": "35282f61556adbdb",
        "name": "/bicicleta/humo/avg",
        "topic": "/bicicleta/humo/avg",
        "qos": "",
        "retain": "",
        "respTopic": "",
        "contentType": "",
        "userProps": "",
        "correl": "",
        "expiry": "",
        "broker": "83a10c7b1c29df88",
        "x": 1150,
        "y": 220,
        "wires": []
    },
    {
        "id": "0203056881921219",
        "type": "mqtt out",
        "z": "35282f61556adbdb",
        "name": "/bicicleta/humo/sum",
        "topic": "/bicicleta/humo/sum",
        "qos": "",
        "retain": "",
        "respTopic": "",
        "contentType": "",
        "userProps": "",
        "correl": "",
        "expiry": "",
        "broker": "83a10c7b1c29df88",
        "x": 1170,
        "y": 340,
        "wires": []
    },
    {
        "id": "e0991de00ea03a95",
        "type": "function",
        "z": "35282f61556adbdb",
        "name": "SELECT SUM HUMO",
        "func": "msg.topic = \"SELECT sum(humo) as sumar FROM Humo\";\nmsg.payload = [];\nreturn msg;",
        "outputs": 1,
        "timeout": 0,
        "noerr": 0,
        "initialize": "",
        "finalize": "",
        "libs": [],
        "x": 340,
        "y": 340,
        "wires": [
            [
                "8b95c443d80b0a1d"
            ]
        ]
    },
    {
        "id": "c810e06c4c0f9785",
        "type": "function",
        "z": "35282f61556adbdb",
        "name": "SUMAR HUMO",
        "func": "// Resultado del query\nmsg.topic = \"/bicicleta/distancia/avg\"\nmsg.payload = msg.payload[0].sumar;\nreturn msg;",
        "outputs": 1,
        "timeout": 0,
        "noerr": 0,
        "initialize": "",
        "finalize": "",
        "libs": [],
        "x": 870,
        "y": 340,
        "wires": [
            [
                "0203056881921219"
            ]
        ]
    },
    {
        "id": "9c247a0806a9ca51",
        "type": "sqlite",
        "z": "35282f61556adbdb",
        "mydb": "f011757cb10f1213",
        "sqlquery": "msg.topic",
        "sql": "",
        "name": "bicicleta",
        "x": 560,
        "y": 140,
        "wires": [
            [
                "84263078bcfe17c8",
                "fb2fb14fb60e1de5",
                "e0991de00ea03a95"
            ]
        ]
    },
    {
        "id": "90ac75a8f89edc09",
        "type": "sqlite",
        "z": "35282f61556adbdb",
        "mydb": "f011757cb10f1213",
        "sqlquery": "msg.topic",
        "sql": "",
        "name": "bicicleta",
        "x": 640,
        "y": 220,
        "wires": [
            [
                "6b6a26056e5a81b4"
            ]
        ]
    },
    {
        "id": "4db27f6feead3df6",
        "type": "sqlite",
        "z": "35282f61556adbdb",
        "mydb": "f011757cb10f1213",
        "sqlquery": "msg.topic",
        "sql": "",
        "name": "bicicleta",
        "x": 640,
        "y": 280,
        "wires": [
            [
                "15bf9ef3a8202cd0"
            ]
        ]
    },
    {
        "id": "8b95c443d80b0a1d",
        "type": "sqlite",
        "z": "35282f61556adbdb",
        "mydb": "f011757cb10f1213",
        "sqlquery": "msg.topic",
        "sql": "",
        "name": "bicicleta",
        "x": 640,
        "y": 340,
        "wires": [
            [
                "c810e06c4c0f9785"
            ]
        ]
    },
    {
        "id": "8c0eb70fe2bab5a3",
        "type": "mqtt out",
        "z": "35282f61556adbdb",
        "name": "/bicicleta/LED",
        "topic": "/bicicleta/led",
        "qos": "",
        "retain": "",
        "respTopic": "",
        "contentType": "",
        "userProps": "",
        "correl": "",
        "expiry": "",
        "broker": "83a10c7b1c29df88",
        "x": 900,
        "y": 560,
        "wires": []
    },
    {
        "id": "763fef0e12408277",
        "type": "switch",
        "z": "35282f61556adbdb",
        "name": "Condicion led",
        "property": "payload",
        "propertyType": "msg",
        "rules": [
            {
                "t": "gt",
                "v": "20",
                "vt": "str"
            },
            {
                "t": "lte",
                "v": "20",
                "vt": "str"
            }
        ],
        "checkall": "false",
        "repair": false,
        "outputs": 2,
        "x": 320,
        "y": 560,
        "wires": [
            [
                "ae154e4bb9dec481"
            ],
            [
                "a5a92a7e692c4799"
            ]
        ]
    },
    {
        "id": "a5a92a7e692c4799",
        "type": "function",
        "z": "35282f61556adbdb",
        "name": "Led Azul",
        "func": "msg.topic = \"/bicicleta/led\"\nmsg.payload = \"led-true\";\nreturn msg;",
        "outputs": 1,
        "timeout": 0,
        "noerr": 0,
        "initialize": "",
        "finalize": "",
        "libs": [],
        "x": 580,
        "y": 580,
        "wires": [
            [
                "8c0eb70fe2bab5a3"
            ]
        ]
    },
    {
        "id": "ae154e4bb9dec481",
        "type": "function",
        "z": "35282f61556adbdb",
        "name": "Led Rojo",
        "func": "msg.topic = \"/bicicleta/led\"\nmsg.payload = \"led-false\";\nreturn msg;",
        "outputs": 1,
        "timeout": 0,
        "noerr": 0,
        "initialize": "",
        "finalize": "",
        "libs": [],
        "x": 580,
        "y": 540,
        "wires": [
            [
                "8c0eb70fe2bab5a3"
            ]
        ]
    },
    {
        "id": "a8cf23294b595109",
        "type": "mqtt in",
        "z": "35282f61556adbdb",
        "name": "/bicicleta/humo",
        "topic": "/bicicleta/humo",
        "qos": "2",
        "datatype": "auto-detect",
        "broker": "83a10c7b1c29df88",
        "nl": false,
        "rap": true,
        "rh": 0,
        "inputs": 0,
        "x": 100,
        "y": 560,
        "wires": [
            [
                "763fef0e12408277"
            ]
        ]
    },
    {
        "id": "1fe1b1c250fdb098",
        "type": "mqtt in",
        "z": "35282f61556adbdb",
        "name": "/bicicleta/humo",
        "topic": "/bicicleta/humo",
        "qos": "2",
        "datatype": "auto-detect",
        "broker": "83a10c7b1c29df88",
        "nl": false,
        "rap": true,
        "rh": 0,
        "inputs": 0,
        "x": 220,
        "y": 640,
        "wires": [
            [
                "56b57b88bd0e6d14"
            ]
        ]
    },
    {
        "id": "56b57b88bd0e6d14",
        "type": "debug",
        "z": "35282f61556adbdb",
        "name": "LOG HUMO",
        "active": true,
        "tosidebar": true,
        "console": false,
        "tostatus": false,
        "complete": "payload",
        "targetType": "msg",
        "statusVal": "",
        "statusType": "auto",
        "x": 530,
        "y": 640,
        "wires": []
    },
    {
        "id": "83a10c7b1c29df88",
        "type": "mqtt-broker",
        "name": "WS Local MQTT",
        "broker": "ws://192.168.0.8:9001/ws",
        "port": "9001",
        "clientid": "",
        "autoConnect": true,
        "usetls": false,
        "protocolVersion": "4",
        "keepalive": "120",
        "cleansession": true,
        "autoUnsubscribe": true,
        "birthTopic": "",
        "birthQos": "0",
        "birthRetain": "false",
        "birthPayload": "",
        "birthMsg": {},
        "closeTopic": "",
        "closeQos": "0",
        "closeRetain": "false",
        "closePayload": "",
        "closeMsg": {},
        "willTopic": "",
        "willQos": "0",
        "willRetain": "false",
        "willPayload": "",
        "willMsg": {},
        "userProps": "",
        "sessionExpiry": ""
    },
    {
        "id": "f011757cb10f1213",
        "type": "sqlitedb",
        "db": "C:\\Users\\Guadalupe Puente\\Downloads\\sqlite-tools-win-x64-3450300/bicicleta.db",
        "mode": "RWC"
    }
]