[
    {
        "id": "da839b44fc866435",
        "type": "tab",
        "label": "Conexion BD Pir",
        "disabled": false,
        "info": "",
        "env": []
    },
    {
        "id": "e6b38bef0c398227",
        "type": "function",
        "z": "da839b44fc866435",
        "name": "INSERT PIR",
        "func": "msg.topic = \"INSERT INTO Pir(idPir ,pir) VALUES((SELECT MAX(idPir)+1 FROM Pir),\" + msg.payload +\")\";\nmsg.payload = [];\nreturn msg;",
        "outputs": 1,
        "timeout": 0,
        "noerr": 0,
        "initialize": "",
        "finalize": "",
        "libs": [],
        "x": 330,
        "y": 140,
        "wires": [
            [
                "f281c4b82785d81b"
            ]
        ]
    },
    {
        "id": "56d2be7f318e64be",
        "type": "mqtt in",
        "z": "da839b44fc866435",
        "name": "/bicicleta/pir",
        "topic": "/bicicleta/pir",
        "qos": "2",
        "datatype": "auto-detect",
        "broker": "83a10c7b1c29df88",
        "nl": false,
        "rap": true,
        "rh": 0,
        "inputs": 0,
        "x": 100,
        "y": 140,
        "wires": [
            [
                "e6b38bef0c398227"
            ]
        ]
    },
    {
        "id": "6e0cfdde2982a1e1",
        "type": "inject",
        "z": "da839b44fc866435",
        "name": "",
        "props": [
            {
                "p": "payload"
            },
            {
                "p": "topic",
                "vt": "str"
            }
        ],
        "repeat": "",
        "crontab": "",
        "once": false,
        "onceDelay": 0.1,
        "topic": "/bicicleta/pir",
        "payload": "60",
        "payloadType": "num",
        "x": 140,
        "y": 60,
        "wires": [
            [
                "ac6478ddc393dbe6"
            ]
        ]
    },
    {
        "id": "ac6478ddc393dbe6",
        "type": "mqtt out",
        "z": "da839b44fc866435",
        "name": "/bicicleta/pir",
        "topic": "/bicicleta/pir",
        "qos": "",
        "retain": "",
        "respTopic": "",
        "contentType": "",
        "userProps": "",
        "correl": "",
        "expiry": "",
        "broker": "83a10c7b1c29df88",
        "x": 400,
        "y": 60,
        "wires": []
    },
    {
        "id": "64c15e90e9def222",
        "type": "function",
        "z": "da839b44fc866435",
        "name": "SELECT PROMEDIO PIR",
        "func": "msg.topic = \"SELECT AVG(pir) as promedio FROM Pir\";\nmsg.payload = [];\nreturn msg;",
        "outputs": 1,
        "timeout": 0,
        "noerr": 0,
        "initialize": "",
        "finalize": "",
        "libs": [],
        "x": 360,
        "y": 220,
        "wires": [
            [
                "1900e2ed08e0b7b6"
            ]
        ]
    },
    {
        "id": "304ac0d932b857ef",
        "type": "function",
        "z": "da839b44fc866435",
        "name": "PROMEDIO TEMPERATURA",
        "func": "// Resultado del query\nmsg.topic = \"/bicicleta/distancia/avg\"\nmsg.payload = msg.payload[0].promedio;\nreturn msg;",
        "outputs": 1,
        "timeout": 0,
        "noerr": 0,
        "initialize": "",
        "finalize": "",
        "libs": [],
        "x": 890,
        "y": 220,
        "wires": [
            [
                "e88b14794816ebb8"
            ]
        ]
    },
    {
        "id": "4609798ac339796b",
        "type": "mqtt out",
        "z": "da839b44fc866435",
        "name": "/bicicleta/pir/count",
        "topic": "/bicicleta/pir/count",
        "qos": "",
        "retain": "",
        "respTopic": "",
        "contentType": "",
        "userProps": "",
        "correl": "",
        "expiry": "",
        "broker": "83a10c7b1c29df88",
        "x": 1150,
        "y": 280,
        "wires": []
    },
    {
        "id": "1e4733f279bfe621",
        "type": "function",
        "z": "da839b44fc866435",
        "name": "SELECT CONTAR PIR",
        "func": "msg.topic = \"SELECT count(pir) as contar FROM Pir\";\nmsg.payload = [];\nreturn msg;",
        "outputs": 1,
        "timeout": 0,
        "noerr": 0,
        "initialize": "",
        "finalize": "",
        "libs": [],
        "x": 340,
        "y": 280,
        "wires": [
            [
                "e4679e50edf3f891"
            ]
        ]
    },
    {
        "id": "489adfdb6121b6eb",
        "type": "function",
        "z": "da839b44fc866435",
        "name": "CONTAR TEMPERATURA",
        "func": "// Resultado del query\nmsg.topic = \"/bicicleta/distancia/avg\"\nmsg.payload = msg.payload[0].contar;\nreturn msg;",
        "outputs": 1,
        "timeout": 0,
        "noerr": 0,
        "initialize": "",
        "finalize": "",
        "libs": [],
        "x": 880,
        "y": 280,
        "wires": [
            [
                "4609798ac339796b"
            ]
        ]
    },
    {
        "id": "3a89653ccfcca5c2",
        "type": "debug",
        "z": "da839b44fc866435",
        "name": "AVG(/bicicleta/pir/+)",
        "active": true,
        "tosidebar": true,
        "console": false,
        "tostatus": false,
        "complete": "{\t    \"payload\": $string(msg.payload, prettier),\t    \"topico\": msg.topic\t}",
        "targetType": "jsonata",
        "statusVal": "",
        "statusType": "auto",
        "x": 600,
        "y": 440,
        "wires": []
    },
    {
        "id": "2ba0f4648d36e36d",
        "type": "mqtt in",
        "z": "da839b44fc866435",
        "name": "/bicicleta/pir/+",
        "topic": "/bicicleta/pir/+",
        "qos": "0",
        "datatype": "auto-detect",
        "broker": "83a10c7b1c29df88",
        "nl": false,
        "rap": true,
        "rh": 0,
        "inputs": 0,
        "x": 320,
        "y": 440,
        "wires": [
            [
                "3a89653ccfcca5c2"
            ]
        ]
    },
    {
        "id": "e88b14794816ebb8",
        "type": "mqtt out",
        "z": "da839b44fc866435",
        "name": "/bicicleta/pir/avg",
        "topic": "/bicicleta/pir/avg",
        "qos": "",
        "retain": "",
        "respTopic": "",
        "contentType": "",
        "userProps": "",
        "correl": "",
        "expiry": "",
        "broker": "83a10c7b1c29df88",
        "x": 1140,
        "y": 220,
        "wires": []
    },
    {
        "id": "35b6786f164f91dc",
        "type": "mqtt out",
        "z": "da839b44fc866435",
        "name": "/bicicleta/pir/sum",
        "topic": "/bicicleta/pir/sum",
        "qos": "",
        "retain": "",
        "respTopic": "",
        "contentType": "",
        "userProps": "",
        "correl": "",
        "expiry": "",
        "broker": "83a10c7b1c29df88",
        "x": 1150,
        "y": 340,
        "wires": []
    },
    {
        "id": "1220ea31bd1a7d0d",
        "type": "function",
        "z": "da839b44fc866435",
        "name": "SELECT SUM PIR",
        "func": "msg.topic = \"SELECT sum(pir) as sumar FROM Pir\";\nmsg.payload = [];\nreturn msg;",
        "outputs": 1,
        "timeout": 0,
        "noerr": 0,
        "initialize": "",
        "finalize": "",
        "libs": [],
        "x": 320,
        "y": 340,
        "wires": [
            [
                "ec07eb952b57feb0"
            ]
        ]
    },
    {
        "id": "ea1eb18c143a2702",
        "type": "function",
        "z": "da839b44fc866435",
        "name": "SUMAR TEMPERATURA",
        "func": "// Resultado del query\nmsg.topic = \"/bicicleta/distancia/avg\"\nmsg.payload = msg.payload[0].sumar;\nreturn msg;",
        "outputs": 1,
        "timeout": 0,
        "noerr": 0,
        "initialize": "",
        "finalize": "",
        "libs": [],
        "x": 870,
        "y": 340,
        "wires": [
            [
                "35b6786f164f91dc"
            ]
        ]
    },
    {
        "id": "f281c4b82785d81b",
        "type": "sqlite",
        "z": "da839b44fc866435",
        "mydb": "f011757cb10f1213",
        "sqlquery": "msg.topic",
        "sql": "",
        "name": "bicicleta",
        "x": 580,
        "y": 140,
        "wires": [
            [
                "64c15e90e9def222",
                "1e4733f279bfe621",
                "1220ea31bd1a7d0d"
            ]
        ]
    },
    {
        "id": "1900e2ed08e0b7b6",
        "type": "sqlite",
        "z": "da839b44fc866435",
        "mydb": "f011757cb10f1213",
        "sqlquery": "msg.topic",
        "sql": "",
        "name": "bicicleta",
        "x": 660,
        "y": 220,
        "wires": [
            [
                "304ac0d932b857ef"
            ]
        ]
    },
    {
        "id": "e4679e50edf3f891",
        "type": "sqlite",
        "z": "da839b44fc866435",
        "mydb": "f011757cb10f1213",
        "sqlquery": "msg.topic",
        "sql": "",
        "name": "bicicleta",
        "x": 660,
        "y": 280,
        "wires": [
            [
                "489adfdb6121b6eb"
            ]
        ]
    },
    {
        "id": "ec07eb952b57feb0",
        "type": "sqlite",
        "z": "da839b44fc866435",
        "mydb": "f011757cb10f1213",
        "sqlquery": "msg.topic",
        "sql": "",
        "name": "bicicleta",
        "x": 660,
        "y": 340,
        "wires": [
            [
                "ea1eb18c143a2702"
            ]
        ]
    },
    {
        "id": "83a10c7b1c29df88",
        "type": "mqtt-broker",
        "name": "WS Local MQTT",
        "broker": "ws://192.168.0.8:9001/ws",
        "port": "9001",
        "clientid": "",
        "autoConnect": true,
        "usetls": false,
        "protocolVersion": "4",
        "keepalive": "120",
        "cleansession": true,
        "autoUnsubscribe": true,
        "birthTopic": "",
        "birthQos": "0",
        "birthRetain": "false",
        "birthPayload": "",
        "birthMsg": {},
        "closeTopic": "",
        "closeQos": "0",
        "closeRetain": "false",
        "closePayload": "",
        "closeMsg": {},
        "willTopic": "",
        "willQos": "0",
        "willRetain": "false",
        "willPayload": "",
        "willMsg": {},
        "userProps": "",
        "sessionExpiry": ""
    },
    {
        "id": "f011757cb10f1213",
        "type": "sqlitedb",
        "db": "C:\\Users\\Guadalupe Puente\\Downloads\\sqlite-tools-win-x64-3450300/bicicleta.db",
        "mode": "RWC"
    }
]