[
    {
        "id": "ba415913bc78e798",
        "type": "tab",
        "label": "Conexion BD Temperatura",
        "disabled": false,
        "info": "",
        "env": []
    },
    {
        "id": "a56847de9724040a",
        "type": "function",
        "z": "ba415913bc78e798",
        "name": "INSERT TEMPERATURA",
        "func": "msg.topic = \"INSERT INTO temperatura(idTemperatura ,temperatura) VALUES((SELECT MAX(idTemperatura)+1 FROM Temperatura),\" + msg.payload +\")\";\nmsg.payload = [];\nreturn msg;",
        "outputs": 1,
        "timeout": 0,
        "noerr": 0,
        "initialize": "",
        "finalize": "",
        "libs": [],
        "x": 370,
        "y": 140,
        "wires": [
            [
                "0d0d96c83941e23b"
            ]
        ]
    },
    {
        "id": "f7ba48941ede3d1b",
        "type": "mqtt in",
        "z": "ba415913bc78e798",
        "name": "/bicicleta/temperatura",
        "topic": "/bicicleta/temperatura",
        "qos": "2",
        "datatype": "auto-detect",
        "broker": "83a10c7b1c29df88",
        "nl": false,
        "rap": true,
        "rh": 0,
        "inputs": 0,
        "x": 130,
        "y": 140,
        "wires": [
            [
                "a56847de9724040a"
            ]
        ]
    },
    {
        "id": "7d531a641709e398",
        "type": "inject",
        "z": "ba415913bc78e798",
        "name": "",
        "props": [
            {
                "p": "payload"
            },
            {
                "p": "topic",
                "vt": "str"
            }
        ],
        "repeat": "",
        "crontab": "",
        "once": false,
        "onceDelay": 0.1,
        "topic": "/bicicleta/temperatura",
        "payload": "20",
        "payloadType": "num",
        "x": 170,
        "y": 60,
        "wires": [
            [
                "2da5b74b94f8d81a"
            ]
        ]
    },
    {
        "id": "2da5b74b94f8d81a",
        "type": "mqtt out",
        "z": "ba415913bc78e798",
        "name": "/bicicleta/temperatura",
        "topic": "/bicicleta/temperatura",
        "qos": "",
        "retain": "",
        "respTopic": "",
        "contentType": "",
        "userProps": "",
        "correl": "",
        "expiry": "",
        "broker": "83a10c7b1c29df88",
        "x": 430,
        "y": 60,
        "wires": []
    },
    {
        "id": "57b289115385d230",
        "type": "function",
        "z": "ba415913bc78e798",
        "name": "SELECT PROMEDIO TEMPERATURA",
        "func": "msg.topic = \"SELECT AVG(temperatura) as promedio FROM Temperatura\";\nmsg.payload = [];\nreturn msg;",
        "outputs": 1,
        "timeout": 0,
        "noerr": 0,
        "initialize": "",
        "finalize": "",
        "libs": [],
        "x": 400,
        "y": 220,
        "wires": [
            [
                "2622dade4e4430a0"
            ]
        ]
    },
    {
        "id": "444e8debcbfbad99",
        "type": "function",
        "z": "ba415913bc78e798",
        "name": "PROMEDIO TEMPERATURA",
        "func": "// Resultado del query\nmsg.topic = \"/bicicleta/distancia/avg\"\nmsg.payload = msg.payload[0].promedio;\nreturn msg;",
        "outputs": 1,
        "timeout": 0,
        "noerr": 0,
        "initialize": "",
        "finalize": "",
        "libs": [],
        "x": 890,
        "y": 220,
        "wires": [
            [
                "177557654d4df777"
            ]
        ]
    },
    {
        "id": "9ae1aaed58749a37",
        "type": "mqtt out",
        "z": "ba415913bc78e798",
        "name": "/bicicleta/temperatura/count",
        "topic": "/bicicleta/temperatura/count",
        "qos": "",
        "retain": "",
        "respTopic": "",
        "contentType": "",
        "userProps": "",
        "correl": "",
        "expiry": "",
        "broker": "83a10c7b1c29df88",
        "x": 1180,
        "y": 280,
        "wires": []
    },
    {
        "id": "d6d93e2bc0a6bc4b",
        "type": "function",
        "z": "ba415913bc78e798",
        "name": "SELECT CONTAR TEMPERATURA",
        "func": "msg.topic = \"SELECT count(temperatura) as contar FROM Temperatura\";\nmsg.payload = [];\nreturn msg;",
        "outputs": 1,
        "timeout": 0,
        "noerr": 0,
        "initialize": "",
        "finalize": "",
        "libs": [],
        "x": 390,
        "y": 280,
        "wires": [
            [
                "caccb0636ca7a1b5"
            ]
        ]
    },
    {
        "id": "ef5d9be431b78728",
        "type": "function",
        "z": "ba415913bc78e798",
        "name": "CONTAR TEMPERATURA",
        "func": "// Resultado del query\nmsg.topic = \"/bicicleta/distancia/avg\"\nmsg.payload = msg.payload[0].contar;\nreturn msg;",
        "outputs": 1,
        "timeout": 0,
        "noerr": 0,
        "initialize": "",
        "finalize": "",
        "libs": [],
        "x": 880,
        "y": 280,
        "wires": [
            [
                "9ae1aaed58749a37"
            ]
        ]
    },
    {
        "id": "f7486223680e8c3c",
        "type": "debug",
        "z": "ba415913bc78e798",
        "name": "AVG(/bicicleta/temperatura/+)",
        "active": true,
        "tosidebar": true,
        "console": false,
        "tostatus": false,
        "complete": "{\t    \"payload\": $string(msg.payload, prettier),\t    \"topico\": msg.topic\t}",
        "targetType": "jsonata",
        "statusVal": "",
        "statusType": "auto",
        "x": 630,
        "y": 440,
        "wires": []
    },
    {
        "id": "a09892004da18b45",
        "type": "mqtt in",
        "z": "ba415913bc78e798",
        "name": "/bicicleta/temperatura/+",
        "topic": "/bicicleta/temperatura/+",
        "qos": "0",
        "datatype": "auto-detect",
        "broker": "83a10c7b1c29df88",
        "nl": false,
        "rap": true,
        "rh": 0,
        "inputs": 0,
        "x": 350,
        "y": 440,
        "wires": [
            [
                "f7486223680e8c3c"
            ]
        ]
    },
    {
        "id": "177557654d4df777",
        "type": "mqtt out",
        "z": "ba415913bc78e798",
        "name": "/bicicleta/temperatura/avg",
        "topic": "/bicicleta/temperatura/avg",
        "qos": "",
        "retain": "",
        "respTopic": "",
        "contentType": "",
        "userProps": "",
        "correl": "",
        "expiry": "",
        "broker": "83a10c7b1c29df88",
        "x": 1170,
        "y": 220,
        "wires": []
    },
    {
        "id": "28aa4ab92914edc5",
        "type": "mqtt out",
        "z": "ba415913bc78e798",
        "name": "/bicicleta/temperatura/sum",
        "topic": "/bicicleta/temperatura/sum",
        "qos": "",
        "retain": "",
        "respTopic": "",
        "contentType": "",
        "userProps": "",
        "correl": "",
        "expiry": "",
        "broker": "83a10c7b1c29df88",
        "x": 1180,
        "y": 340,
        "wires": []
    },
    {
        "id": "61e7f5b4d1bd1164",
        "type": "function",
        "z": "ba415913bc78e798",
        "name": "SELECT SUM TEMPERATURA",
        "func": "msg.topic = \"SELECT sum(temperatura) as sumar FROM Temperatura\";\nmsg.payload = [];\nreturn msg;",
        "outputs": 1,
        "timeout": 0,
        "noerr": 0,
        "initialize": "",
        "finalize": "",
        "libs": [],
        "x": 360,
        "y": 340,
        "wires": [
            [
                "bce80d466984534d"
            ]
        ]
    },
    {
        "id": "bb2ee0694ae1262a",
        "type": "function",
        "z": "ba415913bc78e798",
        "name": "SUMAR TEMPERATURA",
        "func": "// Resultado del query\nmsg.topic = \"/bicicleta/distancia/avg\"\nmsg.payload = msg.payload[0].sumar;\nreturn msg;",
        "outputs": 1,
        "timeout": 0,
        "noerr": 0,
        "initialize": "",
        "finalize": "",
        "libs": [],
        "x": 870,
        "y": 340,
        "wires": [
            [
                "28aa4ab92914edc5"
            ]
        ]
    },
    {
        "id": "0d0d96c83941e23b",
        "type": "sqlite",
        "z": "ba415913bc78e798",
        "mydb": "f011757cb10f1213",
        "sqlquery": "msg.topic",
        "sql": "",
        "name": "bicicleta",
        "x": 580,
        "y": 140,
        "wires": [
            [
                "57b289115385d230",
                "d6d93e2bc0a6bc4b",
                "61e7f5b4d1bd1164"
            ]
        ]
    },
    {
        "id": "2622dade4e4430a0",
        "type": "sqlite",
        "z": "ba415913bc78e798",
        "mydb": "f011757cb10f1213",
        "sqlquery": "msg.topic",
        "sql": "",
        "name": "bicicleta",
        "x": 660,
        "y": 220,
        "wires": [
            [
                "444e8debcbfbad99"
            ]
        ]
    },
    {
        "id": "caccb0636ca7a1b5",
        "type": "sqlite",
        "z": "ba415913bc78e798",
        "mydb": "f011757cb10f1213",
        "sqlquery": "msg.topic",
        "sql": "",
        "name": "bicicleta",
        "x": 660,
        "y": 280,
        "wires": [
            [
                "ef5d9be431b78728"
            ]
        ]
    },
    {
        "id": "bce80d466984534d",
        "type": "sqlite",
        "z": "ba415913bc78e798",
        "mydb": "f011757cb10f1213",
        "sqlquery": "msg.topic",
        "sql": "",
        "name": "bicicleta",
        "x": 660,
        "y": 340,
        "wires": [
            [
                "bb2ee0694ae1262a"
            ]
        ]
    },
    {
        "id": "0c81e1ce6f37a940",
        "type": "mqtt out",
        "z": "ba415913bc78e798",
        "name": "/bicicleta/led",
        "topic": "/bicicleta/led",
        "qos": "",
        "retain": "",
        "respTopic": "",
        "contentType": "",
        "userProps": "",
        "correl": "",
        "expiry": "",
        "broker": "83a10c7b1c29df88",
        "x": 830,
        "y": 540,
        "wires": []
    },
    {
        "id": "b1cf1f9b7b7af90e",
        "type": "switch",
        "z": "ba415913bc78e798",
        "name": "Condicion Led",
        "property": "payload",
        "propertyType": "msg",
        "rules": [
            {
                "t": "gte",
                "v": "30",
                "vt": "str"
            },
            {
                "t": "lt",
                "v": "30",
                "vt": "str"
            }
        ],
        "checkall": "false",
        "repair": false,
        "outputs": 2,
        "x": 380,
        "y": 540,
        "wires": [
            [
                "e9751e520656f02e"
            ],
            [
                "08d2fa2f406e4718"
            ]
        ]
    },
    {
        "id": "08d2fa2f406e4718",
        "type": "function",
        "z": "ba415913bc78e798",
        "name": "Led Azul",
        "func": "msg.topic = \"/bicicleta/led\"\nmsg.payload = \"led-azul\";\nreturn msg;",
        "outputs": 1,
        "timeout": 0,
        "noerr": 0,
        "initialize": "",
        "finalize": "",
        "libs": [],
        "x": 600,
        "y": 560,
        "wires": [
            [
                "0c81e1ce6f37a940"
            ]
        ]
    },
    {
        "id": "e9751e520656f02e",
        "type": "function",
        "z": "ba415913bc78e798",
        "name": "Led Rojo",
        "func": "msg.topic = \"/bicicleta/led\"\nmsg.payload = \"led-rojo\";\nreturn msg;",
        "outputs": 1,
        "timeout": 0,
        "noerr": 0,
        "initialize": "",
        "finalize": "",
        "libs": [],
        "x": 600,
        "y": 520,
        "wires": [
            [
                "0c81e1ce6f37a940"
            ]
        ]
    },
    {
        "id": "9d65ac77575df118",
        "type": "mqtt in",
        "z": "ba415913bc78e798",
        "name": "/bicicleta/temperatura",
        "topic": "/bicicleta/temperatura",
        "qos": "2",
        "datatype": "auto-detect",
        "broker": "83a10c7b1c29df88",
        "nl": false,
        "rap": true,
        "rh": 0,
        "inputs": 0,
        "x": 140,
        "y": 540,
        "wires": [
            [
                "b1cf1f9b7b7af90e"
            ]
        ]
    },
    {
        "id": "1ccd7468bfed23cd",
        "type": "mqtt in",
        "z": "ba415913bc78e798",
        "name": "/bicicleta/temperatura",
        "topic": "/bicicleta/temperatura",
        "qos": "2",
        "datatype": "auto-detect",
        "broker": "83a10c7b1c29df88",
        "nl": false,
        "rap": true,
        "rh": 0,
        "inputs": 0,
        "x": 140,
        "y": 620,
        "wires": [
            [
                "6a490bf9f901c23b"
            ]
        ]
    },
    {
        "id": "6a490bf9f901c23b",
        "type": "debug",
        "z": "ba415913bc78e798",
        "name": "LOG TEMPERATURA",
        "active": true,
        "tosidebar": true,
        "console": false,
        "tostatus": false,
        "complete": "payload",
        "targetType": "msg",
        "statusVal": "",
        "statusType": "auto",
        "x": 400,
        "y": 620,
        "wires": []
    },
    {
        "id": "83a10c7b1c29df88",
        "type": "mqtt-broker",
        "name": "WS Local MQTT",
        "broker": "ws://192.168.0.8:9001/ws",
        "port": "9001",
        "clientid": "",
        "autoConnect": true,
        "usetls": false,
        "protocolVersion": "4",
        "keepalive": "120",
        "cleansession": true,
        "autoUnsubscribe": true,
        "birthTopic": "",
        "birthQos": "0",
        "birthRetain": "false",
        "birthPayload": "",
        "birthMsg": {},
        "closeTopic": "",
        "closeQos": "0",
        "closeRetain": "false",
        "closePayload": "",
        "closeMsg": {},
        "willTopic": "",
        "willQos": "0",
        "willRetain": "false",
        "willPayload": "",
        "willMsg": {},
        "userProps": "",
        "sessionExpiry": ""
    },
    {
        "id": "f011757cb10f1213",
        "type": "sqlitedb",
        "db": "C:\\Users\\Guadalupe Puente\\Downloads\\sqlite-tools-win-x64-3450300/bicicleta.db",
        "mode": "RWC"
    }
]