[
    {
        "id": "65dbd2c099c5a491",
        "type": "tab",
        "label": "Buzzer",
        "disabled": false,
        "info": "",
        "env": []
    },
    {
        "id": "63560af67de472e0",
        "type": "inject",
        "z": "65dbd2c099c5a491",
        "name": "",
        "props": [
            {
                "p": "payload"
            },
            {
                "p": "topic",
                "vt": "str"
            }
        ],
        "repeat": "",
        "crontab": "",
        "once": false,
        "onceDelay": 0.1,
        "topic": "",
        "payload": "false",
        "payloadType": "bool",
        "x": 450,
        "y": 180,
        "wires": [
            [
                "72890b3850d05eba"
            ]
        ]
    },
    {
        "id": "8cff6b1bf4b61a5c",
        "type": "inject",
        "z": "65dbd2c099c5a491",
        "name": "",
        "props": [
            {
                "p": "payload"
            },
            {
                "p": "topic",
                "vt": "str"
            }
        ],
        "repeat": "",
        "crontab": "",
        "once": false,
        "onceDelay": 0.1,
        "topic": "",
        "payload": "true",
        "payloadType": "bool",
        "x": 430,
        "y": 240,
        "wires": [
            [
                "d59d3691477f1824"
            ]
        ]
    },
    {
        "id": "72890b3850d05eba",
        "type": "mqtt out",
        "z": "65dbd2c099c5a491",
        "name": "Apagar  Sensores",
        "topic": "/bicicleta/buzzer",
        "qos": "",
        "retain": "",
        "respTopic": "",
        "contentType": "",
        "userProps": "",
        "correl": "",
        "expiry": "",
        "broker": "83a10c7b1c29df88",
        "x": 670,
        "y": 180,
        "wires": []
    },
    {
        "id": "d59d3691477f1824",
        "type": "mqtt out",
        "z": "65dbd2c099c5a491",
        "name": "Prender Sensores",
        "topic": "/bicicleta/buzzer",
        "qos": "",
        "retain": "",
        "respTopic": "",
        "contentType": "",
        "userProps": "",
        "correl": "",
        "expiry": "",
        "broker": "83a10c7b1c29df88",
        "x": 670,
        "y": 240,
        "wires": []
    },
    {
        "id": "f2b300ed08fbec94",
        "type": "mqtt in",
        "z": "65dbd2c099c5a491",
        "name": "bicicleta",
        "topic": "/bicicleta/buzzer",
        "qos": "2",
        "datatype": "auto-detect",
        "broker": "83a10c7b1c29df88",
        "nl": false,
        "rap": true,
        "rh": 0,
        "inputs": 0,
        "x": 440,
        "y": 340,
        "wires": [
            [
                "fc55d54d3941e6ac"
            ]
        ]
    },
    {
        "id": "fc55d54d3941e6ac",
        "type": "debug",
        "z": "65dbd2c099c5a491",
        "name": "debug 5",
        "active": true,
        "tosidebar": true,
        "console": false,
        "tostatus": false,
        "complete": "false",
        "statusVal": "",
        "statusType": "auto",
        "x": 660,
        "y": 340,
        "wires": []
    },
    {
        "id": "83a10c7b1c29df88",
        "type": "mqtt-broker",
        "name": "WS Local MQTT",
        "broker": "ws://192.168.0.8:9001/ws",
        "port": "9001",
        "clientid": "",
        "autoConnect": true,
        "usetls": false,
        "protocolVersion": "4",
        "keepalive": "120",
        "cleansession": true,
        "autoUnsubscribe": true,
        "birthTopic": "",
        "birthQos": "0",
        "birthRetain": "false",
        "birthPayload": "",
        "birthMsg": {},
        "closeTopic": "",
        "closeQos": "0",
        "closeRetain": "false",
        "closePayload": "",
        "closeMsg": {},
        "willTopic": "",
        "willQos": "0",
        "willRetain": "false",
        "willPayload": "",
        "willMsg": {},
        "userProps": "",
        "sessionExpiry": ""
    }
]